<?xml version="1.0" encoding="UTF-8"?>
<project-private xmlns="http://www.netbeans.org/ns/project-private/1">
    <editor-bookmarks xmlns="http://www.netbeans.org/ns/editor-bookmarks/2" lastBookmarkId="0"/>
    <open-files xmlns="http://www.netbeans.org/ns/projectui-open-files/2">
        <group>
            <file>file:/run/media/joaquin/9676619D76617EBD/Users/Joaquín/Documents/NetBeansProjects/Archivos/src/archivos/ManejoArchivos2.java</file>
            <file>file:/run/media/joaquin/9676619D76617EBD/Users/Joaquín/Documents/NetBeansProjects/Archivos/src/archivos/EscribirArchivoEnUnPrograma.java</file>
            <file>file:/run/media/joaquin/9676619D76617EBD/Users/Joaquín/Documents/NetBeansProjects/Archivos/src/archivos/TestManejoArchivos2.java</file>
        </group>
    </open-files>
</project-private>
